#assembly_acc	assembly_name	taxid	species	assembly_status	assembly_date	primers_found
GCF_000023685.1	ASM2368v1	436113	Mycoplasma mycoides	Complete Genome	2009/08/21 00:00	A1F1;A2F1;A3F4;A1F1;A2F1;A3F4
GCF_000277795.1	ASM27779v1	1197325	Mycoplasma wenyonii	Complete Genome	2012/07/16 00:00	A1F4
GCF_002090295.1	ASM209029v1	2104	Mycoplasma pneumoniae	Complete Genome	2017/04/13 00:00	A1F8;A2F2;A3F1
GCF_002090215.1	ASM209021v1	2104	Mycoplasma pneumoniae	Complete Genome	2017/04/13 00:00	A1F8;A2F2;A3F1
GCF_012934885.1	ASM1293488v1	2726117	Mycoplasma sp. C264-NAS	Complete Genome	2020/04/30 00:00	A1R1;A2F3;A2R56;A3R3
GCF_002128265.1	ASM212826v1	2104	Mycoplasma pneumoniae	Complete Genome	2017/05/11 00:00	A1F8;A2F2;A3F1
GCF_011464375.1	ASM1146437v1	40480	Mycoplasma capricolum	Complete Genome	2020/03/19 00:00	A1F1;A2F1;A3F4
GCF_004771095.1	ASM477109v1	2096	Mycoplasma gallisepticum	Complete Genome	2019/04/11 00:00	A1F4;A2F2;A3F1;A1F4;A2F2;A3F1
GCF_011464815.1	ASM1146481v1	40480	Mycoplasma capricolum	Complete Genome	2020/03/19 00:00	A1F1;A2F1;A3F4
GCF_000143865.1	ASM14386v1	865867	Mycoplasma mycoides	Complete Genome	2010/07/26 00:00	A1F1;A2F1;A3F4;A1F1;A2F1;A3F4
GCF_009939845.1	ASM993984v1	2104	Mycoplasma pneumoniae	Complete Genome	2020/01/29 00:00	A1F8;A2F2;A3F1
GCF_900489665.1	MMC-GTS-glpFKO	40477	Mycoplasma mycoides	Complete Genome	2019/02/12 00:00	A1R4;A3R3;A3R4
GCF_001705605.1	ASM170560v1	2100	Mycoplasma hyorhinis	Complete Genome	2016/08/16 00:00	A1F2;A2F3;A3F3
GCF_009946845.1	ASM994684v1	2104	Mycoplasma pneumoniae	Complete Genome	2020/01/29 00:00	A1F8;A2F2;A3F1
GCF_003663725.1	ASM366372v1	2098	Mycoplasma hominis	Complete Genome	2018/10/16 00:00	A1R1;A2R46;A3R3
GCF_002095995.1	ASM209599v1	2104	Mycoplasma pneumoniae	Complete Genome	2017/04/18 00:00	A1F8;A2F2;A3F1
GCF_900660555.1	50884_D01-3	45361	Mycoplasma conjunctivae	Complete Genome	2019/01/29 00:00	A1R1;A1R1;A2R42;A3R3
GCF_007859615.1	ASM785961v1	519450	Mycoplasma anserisalpingitidis	Complete Genome	2019/08/07 00:00	A2F3;A2F3
GCF_900489545.1	MMC-glpQ	40477	Mycoplasma mycoides	Complete Genome	2019/02/12 00:00	A1F1;A2F1;A3F4;A1F1;A2F1;A3F4
GCF_900489685.1	MMC-GTS-glpF	40477	Mycoplasma mycoides	Complete Genome	2019/02/12 00:00	A1R4;A3R3;A3R4
GCF_002128165.1	ASM212816v1	2104	Mycoplasma pneumoniae	Complete Genome	2017/05/11 00:00	A1F8;A2F2;A3F1
GCF_910574535.1	mpn_CV2	272634	Mycoplasma pneumoniae	Complete Genome	2021/07/06 00:00	A1F8;A2F2;A3F1
GCF_002128065.1	ASM212806v1	2104	Mycoplasma pneumoniae	Complete Genome	2017/05/11 00:00	A1F8;A2F2;A3F1
GCF_000835085.1	ASM83508v1	1124992	Mycoplasma capricolum	Complete Genome	2015/02/10 00:00	A1F1;A2F1;A3F4
GCF_000027345.1	ASM2734v1	272634	Mycoplasma pneumoniae	Complete Genome	2002/12/06 00:00	A1F8;A2F2;A3F1
GCF_000200735.1	ASM20073v1	941640	Mycoplasma haemofelis	Complete Genome	2011/01/20 00:00	A2F1
GCF_014352955.1	ASM1435295v1	640330	Mycoplasma sp. Pen4	Complete Genome	2020/09/01 00:00	A2F3;A3F3;A2F3;A3F3;A2F3;A3F3
GCF_013402755.1	ASM1340275v1	2099	Mycoplasma hyopneumoniae	Complete Genome	2020/07/12 00:00	A1R1;A2R60
GCF_009939975.1	ASM993997v1	2104	Mycoplasma pneumoniae	Complete Genome	2020/01/29 00:00	A1F8;A2F2;A3F1
GCF_900660485.1	50648_E01-3	2120	Mycoplasma neurolyticum	Complete Genome	2019/01/29 00:00	A2F3;A3F3
GCF_011464075.1	ASM1146407v1	40480	Mycoplasma capricolum	Complete Genome	2020/03/19 00:00	A1F1;A2F1;A1F1;A2F3;A3F4
GCF_000211295.1	ASM21129v1	936139	Mycoplasma hyorhinis	Complete Genome	2011/04/27 00:00	A1F2;A2F3;A3F3
GCF_009944725.1	ASM994472v1	2104	Mycoplasma pneumoniae	Complete Genome	2020/01/29 00:00	A1F8;A2F2;A3F1
GCF_001272915.1	ASM127291v1	1263835	Mycoplasma pneumoniae	Complete Genome	2015/08/21 00:00	A1F8;A3F1
GCF_000815065.1	ASM81506v1	743971	Mycoplasma flocculare	Complete Genome	2015/01/06 00:00	A1R1
GCF_001509195.1	ASM150919v1	2104	Mycoplasma pneumoniae	Complete Genome	2016/01/08 00:00	A1F8;A2F2;A3F1
GCF_900660465.1	50648_A01-3	2104	Mycoplasma pneumoniae	Complete Genome	2019/01/29 00:00	A1F8;A2F2;A3F1
GCF_000292505.1	ASM29250v1	662947	Mycoplasma genitalium	Complete Genome	2012/08/21 00:00	A1F8;A2F2;A3F1
GCF_007858515.1	ASM785851v1	519450	Mycoplasma anserisalpingitidis	Complete Genome	2019/08/06 00:00	A1F2;A2F3;A3F3
GCF_011464495.1	ASM1146449v1	40480	Mycoplasma capricolum	Complete Genome	2020/03/19 00:00	A1F1;A2F1;A3F4
GCF_002128185.1	ASM212818v1	2104	Mycoplasma pneumoniae	Complete Genome	2017/05/11 00:00	A1F8;A2F2;A3F1
GCF_000387745.2	ASM38774v2	1213463	Mycoplasma pneumoniae	Complete Genome	2015/08/21 00:00	A1F8;A2F2;A3F1
GCF_002128145.1	ASM212814v1	2104	Mycoplasma pneumoniae	Complete Genome	2017/05/11 00:00	A1F8;A2F2;A3F1
GCF_900489675.1	MMC-GTS	40477	Mycoplasma mycoides	Complete Genome	2019/02/12 00:00	A1F1;A2F1;A3F4;A1F1;A2F1;A3F4
GCF_009947205.1	ASM994720v1	2104	Mycoplasma pneumoniae	Complete Genome	2020/01/29 00:00	A1F8;A2F2;A3F1
GCF_011045555.1	ASM1104555v1	40480	Mycoplasma capricolum	Complete Genome	2020/03/02 00:00	A1F1;A2F1;A3F4
GCF_019720735.1	ASM1972073v1	353851	Mycoplasma sp. Ms02	Complete Genome	2021/08/23 00:00	A1R1;A2F3;A3F3;A3R3
GCF_008728895.1	ASM872889v1	2096	Mycoplasma gallisepticum	Complete Genome	2019/09/30 00:00	A1F4;A1R2;A2F2;A2R34;A3F1;A3R1;A3R3
GCF_002128025.1	ASM212802v1	2104	Mycoplasma pneumoniae	Complete Genome	2017/05/11 00:00	A1F8;A2F2;A3F1
GCF_002128205.1	ASM212820v1	2104	Mycoplasma pneumoniae	Complete Genome	2017/05/11 00:00	A1F8;A2F2;A3F1
GCF_001272875.1	ASM127287v1	2104	Mycoplasma pneumoniae	Complete Genome	2015/08/21 00:00	A1F8;A2F2;A3F1
GCF_900489805.1	WT-YCP-cl5-2-W303	40477	Mycoplasma mycoides	Complete Genome	2019/02/12 00:00	A1R4;A3R3;A3R4
GCF_011463895.1	ASM1146389v1	40480	Mycoplasma capricolum	Complete Genome	2020/03/19 00:00	A1F1;A2F1;A1F1;A2F1;A3F4
GCF_000192395.2	ASM19239v2	927701	Mycoplasma capricolum	Complete Genome	2016/09/16 00:00	A1F1;A2F1;A1F1;A2F1;A3F4
GCF_008728935.1	ASM872893v1	2096	Mycoplasma gallisepticum	Complete Genome	2019/09/30 00:00	A1F4;A1R2;A2F2;A2R34;A3F1;A3R1;A3R3
GCF_013367995.1	ASM1336799v1	2098	Mycoplasma hominis	Complete Genome	2020/06/23 00:00	A1F2;A2F3;A3F3;A1F2;A2F3;A3F3
GCF_001272895.1	ASM127289v1	1280940	Mycoplasma pneumoniae	Complete Genome	2015/08/21 00:00	A1F8;A2F2;A3F1
GCF_009944075.1	ASM994407v1	2104	Mycoplasma pneumoniae	Complete Genome	2020/01/29 00:00	A1F8;A2F2;A3F1
GCF_001272855.1	ASM127285v1	1263763	Mycoplasma pneumoniae	Complete Genome	2015/08/21 00:00	A1F8;A2F2;A3F1
GCF_000427215.1	ASM42721v1	754503	Mycoplasma hyopneumoniae	Complete Genome	2013/07/15 00:00	A1R1;A2R60
GCF_002128105.1	ASM212810v1	2104	Mycoplasma pneumoniae	Complete Genome	2017/05/11 00:00	A1F8;A2F2;A3F1
GCF_000008205.1	ASM820v1	262719	Mycoplasma hyopneumoniae	Complete Genome	2005/08/05 00:00	A1R1;A2R60
GCF_003285045.1	ASM328504v1	92400	Mycoplasma anseris	Complete Genome	2018/07/01 00:00	A1F2;A2F3;A3F3
GCF_900660735.1	57675_B02-3	92401	Mycoplasma cloacale	Complete Genome	2019/01/29 00:00	A1R1;A2R32;A3R3
GCF_009940325.1	ASM994032v1	2104	Mycoplasma pneumoniae	Complete Genome	2020/01/29 00:00	A1F8;A2F2;A3F1
GCF_900489555.1	MMC68	40477	Mycoplasma mycoides	Complete Genome	2019/02/12 00:00	A1F1;A2F1;A3F4;A1F1;A2F1;A3F4
GCF_002090315.1	ASM209031v1	2104	Mycoplasma pneumoniae	Complete Genome	2017/04/13 00:00	A1F8;A2F2;A3F1
GCF_003383595.3	ASM338359v3	142649	Mycoplasma phocicerebrale	Complete Genome	2019/03/25 00:00	A1F2;A2F3;A3F3
GCF_009945865.1	ASM994586v1	2104	Mycoplasma pneumoniae	Complete Genome	2020/01/29 00:00	A1F8;A2F2;A3F1
GCF_002952835.1	ASM295283v1	2098	Mycoplasma hominis	Complete Genome	2018/01/31 00:00	A1F2;A2F3;A3F3;A1F2;A2F3;A3F3
GCF_004768725.1	ASM476872v1	2099	Mycoplasma hyopneumoniae	Complete Genome	2019/04/10 00:00	A1R1;A2R60
GCF_020497635.1	ASM2049763v1	519450	Mycoplasma anserisalpingitidis	Complete Genome	2021/10/14 00:00	A1F2;A2F3;A3F3;A1F2;A2F3;A3F3
GCF_000241125.1	ASM24112v1	1129369	Mycoplasma hyorhinis	Complete Genome	2012/01/04 00:00	A1F2;A2F3;A3F3
GCF_003855455.1	ASM385545v1	538220	Mycoplasma struthionis	Complete Genome	2018/12/02 00:00	A1F2;A2F3;A3F3;A1F2;A2F3;A3F3;A1F2;A2F3;A3F3
GCF_900489515.1	MMC-glpFKO	40477	Mycoplasma mycoides	Complete Genome	2019/02/12 00:00	A1F1;A2F1;A3F4;A1F1;A2F1;A3F4
GCF_000286695.1	ASM28669v1	1159198	Mycoplasma gallisepticum	Complete Genome	2012/08/10 00:00	A1F4;A2F2;A3F1;A1F4;A2F2;A3F1
GCF_000331085.3	ASM33108v2	1238993	Mycoplasma pneumoniae	Complete Genome	2015/03/03 00:00	A1F8;A2F2;A3F1
GCF_011464035.1	ASM1146403v1	40480	Mycoplasma capricolum	Complete Genome	2020/03/19 00:00	A1F1;A2F1;A1F1;A2F1;A3F4
GCF_002147855.1	ASM214785v1	2104	Mycoplasma pneumoniae	Complete Genome	2017/05/17 00:00	A1F8;A2F2;A3F1
GCF_900660445.2	GCA_900660445	2124	Mycoplasma salivarium	Complete Genome	2020/12/17 00:00	A1F2;A2F3;A3F3
GCF_009939805.1	ASM993980v1	2104	Mycoplasma pneumoniae	Complete Genome	2020/01/29 00:00	A1F8;A2F2;A3F1
GCF_000085865.1	ASM8586v1	347256	Mycoplasma hominis	Complete Genome	2009/11/16 00:00	A1R1;A2R46;A3R3
GCF_000953375.1	F38.1	40480	Mycoplasma capricolum	Complete Genome	2014/08/27 00:00	A1F1;A2F1;A3F4;A1F1;A2F1;A3F4
GCF_900489705.1	MMC-Mcap-Mmc-u1-4-P4	40477	Mycoplasma mycoides	Complete Genome	2019/02/12 00:00	A1F1;A2F1;A3F4;A1F1;A2F1;A3F4
GCF_017654545.1	ASM1765454v1	2096	Mycoplasma gallisepticum	Complete Genome	2021/03/31 00:00	A1F4;A1R2;A2F2;A2R34;A3F1;A3R1;A3R3
GCF_007923985.1	ASM792398v1	2099	Mycoplasma hyopneumoniae	Complete Genome	2019/08/09 00:00	A2F3;A3F3
GCF_009944335.1	ASM994433v1	2104	Mycoplasma pneumoniae	Complete Genome	2020/01/29 00:00	A1F8;A2F2;A3F1
GCF_013367935.1	ASM1336793v1	2098	Mycoplasma hominis	Complete Genome	2020/06/23 00:00	A1F2;A2F3;A3F3;A1F2;A2F3;A3F3
GCF_000145705.1	ASM14570v1	872331	Mycoplasma hyorhinis	Complete Genome	2010/08/20 00:00	A1F2;A2F3;A3F3
GCF_001272815.1	ASM127281v1	1263760	Mycoplasma pneumoniae	Complete Genome	2015/08/21 00:00	A1F8;A2F2;A3F1
GCF_001272795.1	ASM127279v1	1263762	Mycoplasma pneumoniae	Complete Genome	2015/08/21 00:00	A1F8;A2F2;A3F1
GCF_900489725.1	MMC-Mcap-MMC-u1-3-P2	40477	Mycoplasma mycoides	Complete Genome	2019/02/12 00:00	A1R4;A3R3;A3R4
GCF_000319675.2	ASM31967v2	1236904	Mycoplasma pneumoniae	Complete Genome	2015/08/21 00:00	A1F8;A2F2;A3F1
GCF_000292405.1	ASM29240v1	663918	Mycoplasma genitalium	Complete Genome	2012/08/21 00:00	A1F8;A2F2;A3F1
GCF_009941705.1	ASM994170v1	2104	Mycoplasma pneumoniae	Complete Genome	2020/01/29 00:00	A1F8;A2F2;A3F1
GCF_009948395.1	ASM994839v1	2104	Mycoplasma pneumoniae	Complete Genome	2020/01/29 00:00	A1F8;A2F2;A3F1
GCF_900489825.1	WT-YCP-cl7-3-2-VL648	40477	Mycoplasma mycoides	Complete Genome	2019/02/12 00:00	A1R4;A3R3;A3R4
GCF_000759375.2	ASM75937v2	2098	Mycoplasma hominis	Complete Genome	2018/10/24 00:00	A1F2;A2F3;A3F3;A1F2;A2F3;A3F3
GCF_001272755.1	ASM127275v1	1263756	Mycoplasma pneumoniae	Complete Genome	2015/08/21 00:00	A1F8;A2F2;A3F1
GCF_009792315.1	ASM979231v1	2683967	Mycoplasma sp. NEAQ87857	Complete Genome	2019/12/23 00:00	A2F3;A3F3;A2F3;A3F3;A2F3;A3F3
GCF_000183365.1	ASM18336v1	880447	Mycoplasma leachii	Complete Genome	2010/11/30 00:00	A1F1;A2F1;A3F4
GCF_011464195.1	ASM1146419v1	40480	Mycoplasma capricolum	Complete Genome	2020/03/19 00:00	A1F1;A2F1;A1F1;A2F1;A3F4
GCF_009942915.1	ASM994291v1	2104	Mycoplasma pneumoniae	Complete Genome	2020/01/29 00:00	A1F8;A2F2;A3F1
GCF_014068355.1	ASM1406835v1	1612150	Mycoplasma tullyi	Complete Genome	2020/08/05 00:00	A1F4;A2F2;A3F1;A1F4;A2F2;A3F1
GCF_016767155.1	ASM1676715v1	40477	Mycoplasma mycoides	Complete Genome	2021/01/28 00:00	A1F1;A2F1;A3F4;A1F1;A2F1;A3F4
GCF_000947915.1	ASM94791v1	2098	Mycoplasma hominis	Complete Genome	2015/03/05 00:00	A1F2;A2F3;A3F3
GCF_900489765.1	MMC-GTS-glpU	40477	Mycoplasma mycoides	Complete Genome	2019/02/12 00:00	A1F1;A2F1;A3F4;A1F1;A2F1;A3F4
GCF_900489715.1	MMC-GTS-gIpF-gIpU	40477	Mycoplasma mycoides	Complete Genome	2019/02/12 00:00	A1R4;A3R3;A3R4
GCF_002128285.1	ASM212828v1	2104	Mycoplasma pneumoniae	Complete Genome	2017/05/11 00:00	A1F8;A2F2;A3F1
GCF_009939825.1	ASM993982v1	2104	Mycoplasma pneumoniae	Complete Genome	2020/01/29 00:00	A1F8;A2F2;A3F1
GCF_009943505.1	ASM994350v1	2104	Mycoplasma pneumoniae	Complete Genome	2020/01/29 00:00	A1F8;A2F2;A3F1
GCF_013008815.1	ASM1300881v1	754516	Mycoplasma sp. Mirounga ES2806-NAS	Complete Genome	2020/05/11 00:00	A1F2;A2F3;A3F3;A1F2;A2F3;A3F3
GCF_002090235.1	ASM209023v1	2104	Mycoplasma pneumoniae	Complete Genome	2017/04/13 00:00	A1F8;A2F2;A3F1
GCF_007858495.1	ASM785849v1	519450	Mycoplasma anserisalpingitidis	Complete Genome	2019/08/06 00:00	A1R1;A3R3
GCF_900489795.1	MMC-TET	40477	Mycoplasma mycoides	Complete Genome	2019/02/12 00:00	A1R4;A3R3;A3R4
GCF_011464055.1	ASM1146405v1	40480	Mycoplasma capricolum	Complete Genome	2020/03/19 00:00	A1F1;A2F1;A3F4
GCF_900476085.1	50569_G01	2096	Mycoplasma gallisepticum	Complete Genome	2018/08/19 00:00	A1F4;A2F2;A2R34;A3F1;A3R1;A3R3
GCF_000027325.1	ASM2732v1	243273	Mycoplasma genitalium	Complete Genome	2006/01/09 00:00	A1F8;A2F2;A3F1
GCF_000952915.1	9231-Abomsa assembly V8	40480	Mycoplasma capricolum	Complete Genome	2014/08/16 00:00	A1F1;A2F1;A1F1;A2F1;A3F4
GCF_013008635.1	ASM1300863v1	754515	Mycoplasma sp. Mirounga ES2806-GEN	Complete Genome	2020/05/11 00:00	A1R1;A2R6;A3R3
GCF_000211545.4	ASM21154v6	1006581	Mycoplasma gallisepticum	Complete Genome	2016/02/25 00:00	A1F4;A2F2;A3F1;A1F4;A2F2;A3F1
GCF_000283755.1	ASM28375v1	1112856	Mycoplasma pneumoniae	Complete Genome	2011/11/30 00:00	A1F8;A2F2;A3F1
GCF_011464655.1	ASM1146465v1	40480	Mycoplasma capricolum	Complete Genome	2020/03/19 00:00	A1F1;A2F1;A3F4
GCF_001554055.1	ASM155405v1	2103	Mycoplasma mycoides	Complete Genome	2016/02/09 00:00	A1R4;A3R3;A3R4
GCF_011463755.1	ASM1146375v1	40480	Mycoplasma capricolum	Complete Genome	2020/03/19 00:00	A1F1;A2F1;A1F1;A2F1;A3F4
GCF_900660565.1	51334_A01-3	2099	Mycoplasma hyopneumoniae	Complete Genome	2019/01/29 00:00	A2F3;A3F3
GCF_002128085.1	ASM212808v1	2104	Mycoplasma pneumoniae	Complete Genome	2017/05/11 00:00	A1F8;A2F2;A3F1
GCF_013367855.1	ASM1336785v1	2098	Mycoplasma hominis	Complete Genome	2020/06/23 00:00	A1F2;A2F3;A3F3;A1F2;A2F3;A3F3
GCF_006970285.1	ASM697028v1	40480	Mycoplasma capricolum	Complete Genome	2019/07/15 00:00	A1F1
GCF_013348745.1	ASM1334874v1	2742195	Mycoplasma sp. OR1901	Complete Genome	2020/06/17 00:00	A2F3;A3F3
GCF_001272835.1	ASM127283v1	722438	Mycoplasma pneumoniae	Complete Genome	2015/08/21 00:00	A1F8;A2F2;A3F1
GCF_000524555.1	ASM52455v1	743966	Mycoplasma bovoculi	Complete Genome	2014/01/30 00:00	A1F1;A2F3;A3F3
GCF_001554075.1	ASM155407v1	2103	Mycoplasma mycoides	Complete Genome	2016/02/09 00:00	A1R4;A3R3;A3R4
GCF_002355715.1	ASM235571v1	2104	Mycoplasma pneumoniae	Complete Genome	2016/07/04 00:00	A1F8;A2F2;A3F1
GCF_001272735.1	ASM127273v1	1263758	Mycoplasma pneumoniae	Complete Genome	2015/08/21 00:00	A1F8;A2F2;A3F1
GCF_020497585.1	ASM2049758v1	519450	Mycoplasma anserisalpingitidis	Complete Genome	2021/10/14 00:00	A1F2;A2F3;A3F3;A1F2;A2F3;A3F3
GCF_900489525.1	MMC-glpK	40477	Mycoplasma mycoides	Complete Genome	2019/02/12 00:00	A1F1;A2F1;A3F4;A1F1;A2F1;A3F4
GCF_900489595.1	MMC-glpF-glpU	40477	Mycoplasma mycoides	Complete Genome	2019/02/12 00:00	A1F1;A2F1;A3F4;A1F1;A2F1;A3F4
GCF_002736285.1	ASM273628v1	86660	Mycoplasma dispar	Complete Genome	2017/10/30 00:00	A1R1;A2R21
GCF_002127985.1	ASM212798v1	2104	Mycoplasma pneumoniae	Complete Genome	2017/05/11 00:00	A1F8;A2F2;A3F1
GCF_004771115.1	ASM477111v1	2096	Mycoplasma gallisepticum	Complete Genome	2019/04/11 00:00	A1R2;A2R34;A3R1;A3R3
GCF_002128125.1	ASM212812v1	2104	Mycoplasma pneumoniae	Complete Genome	2017/05/11 00:00	A1F8;A2F2;A3F1
GCF_009946285.1	ASM994628v1	2104	Mycoplasma pneumoniae	Complete Genome	2020/01/29 00:00	A1F8;A2F2;A3F1
GCF_000286775.1	ASM28677v1	1159202	Mycoplasma gallisepticum	Complete Genome	2012/08/10 00:00	A1F4;A2F2;A3F1;A1F4;A2F2;A3F1
GCF_000941075.1	ASM94107v1	86660	Mycoplasma dispar	Complete Genome	2015/03/04 00:00	A2F3;A3F3
GCF_000020065.1	ASM2006v1	243272	Mycoplasma arthritidis	Complete Genome	2008/06/25 00:00	A1F2;A2F3;A3F3
GCF_011464015.1	ASM1146401v1	40480	Mycoplasma capricolum	Complete Genome	2020/03/19 00:00	A1F1;A2F1;A3F4
GCF_000008225.1	ASM822v1	262722	Mycoplasma hyopneumoniae	Complete Genome	2005/08/08 00:00	A1R1;A2R60
GCF_009942155.1	ASM994215v1	2104	Mycoplasma pneumoniae	Complete Genome	2020/01/29 00:00	A1F8;A2F2;A3F1
GCF_009941325.1	ASM994132v1	2104	Mycoplasma pneumoniae	Complete Genome	2020/01/29 00:00	A1F8;A2F2;A3F1
GCF_900489655.1	MMC-Mcap.dnaA	40477	Mycoplasma mycoides	Complete Genome	2019/02/12 00:00	A2F1;A3F4;A1F1;A2F1;A3F4
GCF_000953235.1	ILRI181.1	40480	Mycoplasma capricolum	Complete Genome	2014/09/04 00:00	A1F1;A2F3;A3F4;A1F1;A2F3;A3F4
GCF_002096035.1	ASM209603v1	2104	Mycoplasma pneumoniae	Complete Genome	2017/04/18 00:00	A1F8;A2F2;A3F1
GCF_900660505.1	50861_E01-3	86660	Mycoplasma dispar	Complete Genome	2019/01/29 00:00	A2F3;A3F3
GCF_000012765.1	ASM1276v1	340047	Mycoplasma capricolum	Complete Genome	2005/12/06 00:00	A1F1;A2F1;A3F4;A1F1;A2F1;A3F4
GCF_013367895.1	ASM1336789v1	2098	Mycoplasma hominis	Complete Genome	2020/06/23 00:00	A1F2;A2F3;A3F3;A1F2;A2F3;A3F3
GCF_009939785.1	ASM993978v1	2104	Mycoplasma pneumoniae	Complete Genome	2020/01/29 00:00	A1F8;A2F2;A3F1
GCF_000376625.1	ASM37662v1	1292033	Mycoplasma putrefaciens	Complete Genome	2013/04/22 00:00	A1F1;A2F1;A3F4;A1F1;A2F1;A3F4
GCF_900660715.1	57675_H02-3	2111	Mycoplasma arthritidis	Complete Genome	2019/01/29 00:00	A1F2;A2F3;A3F3
GCF_009947575.1	ASM994757v1	2104	Mycoplasma pneumoniae	Complete Genome	2020/01/29 00:00	A1F8;A2F2;A3F1
GCF_001484045.1	ASM148404v1	1749074	Mycoplasma sp. (ex Biomphalaria glabrata)	Complete Genome	2016/01/04 00:00	A3R3
GCF_000800785.1	ASM80078v1	2103	Mycoplasma mycoides	Complete Genome	2014/12/11 00:00	A1R4;A3R3;A3R4
GCF_001272775.1	ASM127277v1	1263757	Mycoplasma pneumoniae	Complete Genome	2015/08/21 00:00	A1F8;A2F2;A3F1
GCF_000292445.1	ASM29244v1	662946	Mycoplasma genitalium	Complete Genome	2012/08/21 00:00	A1F8;A2F2;A3F1
GCF_001564435.1	ASM156443v1	2103	Mycoplasma mycoides	Complete Genome	2016/02/22 00:00	A1F1;A2F1;A3F4;A1F1;A2F1;A3F4
GCF_000286715.1	ASM28671v1	1159199	Mycoplasma gallisepticum	Complete Genome	2012/08/10 00:00	A1F4;A2F2;A3F1;A1F4;A2F2;A3F1
GCF_000238995.1	ASM23899v1	1111676	Mycoplasma haemocanis	Complete Genome	2011/12/20 00:00	A2F1
GCF_001554115.1	ASM155411v1	2103	Mycoplasma mycoides	Complete Genome	2016/02/09 00:00	A1R4;A3R3;A3R4
GCF_009943805.1	ASM994380v1	2104	Mycoplasma pneumoniae	Complete Genome	2020/01/29 00:00	A1F8;A2F2;A3F1
GCF_900476125.1	50861_F01	45363	Mycoplasma alkalescens	Complete Genome	2018/08/19 00:00	A2F3;A3F3;A2F3;A3F3
GCF_000008405.1	ASM840v1	295358	Mycoplasma hyopneumoniae	Complete Genome	2004/10/08 00:00	A1R1;A2R60
GCF_000286735.1	ASM28673v1	1159200	Mycoplasma gallisepticum	Complete Genome	2012/08/10 00:00	A1F4;A2F2;A3F1;A1F4;A2F2;A3F1
GCF_009945535.1	ASM994553v1	2104	Mycoplasma pneumoniae	Complete Genome	2020/01/29 00:00	A1F8;A2F2;A3F1
GCF_900489625.1	MMC-glpO	40477	Mycoplasma mycoides	Complete Genome	2019/02/12 00:00	A1R4;A3R3;A3R4
GCF_009942395.1	ASM994239v1	2104	Mycoplasma pneumoniae	Complete Genome	2020/01/29 00:00	A1F8;A2F2;A3F1
GCF_000875755.1	ASM87575v1	743967	Mycoplasma yeatsii	Complete Genome	2015/02/13 00:00	A1F2;A2F1;A3F4;A1F2;A2F1;A3F4
GCF_000008365.1	ASM836v1	267748	Mycoplasma mobile	Complete Genome	2004/05/18 00:00	A3F3
GCF_012516495.1	ASM1251649v1	2725994	Mycoplasma sp. 1654_15	Complete Genome	2020/04/19 00:00	A1F2;A2F3
GCF_002355695.1	ASM235569v1	2104	Mycoplasma pneumoniae	Complete Genome	2016/07/04 00:00	A1F8;A2F2;A3F1
GCF_000023165.1	ASM2316v1	436113	Mycoplasma mycoides	Complete Genome	2009/08/21 00:00	A1R4;A3R3;A3R4
GCF_000281235.1	ASM28123v1	1212765	Candidatus Mycoplasma haemolamae	Complete Genome	2012/07/24 00:00	A2R3
GCF_013305285.1	ASM1330528v1	2102	Mycoplasma mycoides	Complete Genome	2020/06/09 00:00	A1F1;A1R4;A2F1;A3R3;A3F4;A3R4
GCF_003269445.1	ASM326944v1	92401	Mycoplasma cloacale	Complete Genome	2018/06/28 00:00	A1F2;A2F3;A3F3
GCF_001901705.1	ASM190170v1	2104	Mycoplasma pneumoniae	Complete Genome	2016/12/13 00:00	A1F8;A2F2;A3F1
GCF_000286675.1	ASM28667v1	1159197	Mycoplasma gallisepticum	Complete Genome	2012/08/10 00:00	A1F4;A2F2;A3F1;A1F4;A2F2;A3F1
GCF_000092585.1	ASM9258v1	710127	Mycoplasma gallisepticum	Complete Genome	2010/01/28 00:00	A1F4;A1R2;A2F2;A2R34;A3F1;A3R1;A3R3
GCF_001272715.1	ASM127271v1	1263761	Mycoplasma pneumoniae	Complete Genome	2015/08/21 00:00	A1F8;A2F2;A3F1
GCF_009939745.1	ASM993974v1	2104	Mycoplasma pneumoniae	Complete Genome	2020/01/29 00:00	A1F8;A2F2;A3F1
GCF_000319655.2	ASM31965v2	1233262	Mycoplasma pneumoniae	Complete Genome	2015/08/21 00:00	A1F8;A2F2;A3F1
GCF_013367955.1	ASM1336795v1	2098	Mycoplasma hominis	Complete Genome	2020/06/23 00:00	A1F2;A2F3;A3F3;A1F2;A2F3;A3F3
GCF_013368035.1	ASM1336803v1	2098	Mycoplasma hominis	Complete Genome	2020/06/23 00:00	A1F2;A2F3;A3F3;A1F2;A2F3;A3F3
GCF_000025385.1	ASM2538v1	708616	Mycoplasma gallisepticum	Complete Genome	2010/01/29 00:00	A1R2;A2R34;A3R1;A3R3
GCF_013371665.1	ASM1337166v1	2098	Mycoplasma hominis	Complete Genome	2020/06/23 00:00	A1R1;A2R46;A3R3
GCF_900660435.1	50465_D02-3	2121	Mycoplasma orale	Complete Genome	2019/01/29 00:00	A1F1;A2F3;A3F3
GCF_900489785.1	MMC-Mcap-oric-u-6-1	40477	Mycoplasma mycoides	Complete Genome	2019/02/12 00:00	A1R4;A3R3;A3R4
GCF_006970065.1	ASM697006v1	40480	Mycoplasma capricolum	Complete Genome	2019/07/15 00:00	A1F1;A1F1
GCF_013368015.1	ASM1336801v1	2098	Mycoplasma hominis	Complete Genome	2020/06/23 00:00	A1F2;A2F3;A3F3;A1F2;A2F3;A3F3
GCF_000253075.1	ASM25307v1	862259	Mycoplasma mycoides	Complete Genome	2011/04/12 00:00	A1R4;A3R3;A3R4
GCF_000828855.1	ASM82885v1	29554	Mycoplasma canadense	Complete Genome	2014/08/27 00:00	A1F6;A2F3;A3F3;A1F6;A2F3;A3F3
GCF_000508245.1	ASM50824v1	1415773	Mycoplasma ovis	Complete Genome	2013/12/16 00:00	A2R57
GCF_000767725.1	ASM76772v1	1267000	Mycoplasma hominis	Complete Genome	2014/10/22 00:00	A1R1;A2R46;A3R3
GCF_002128005.1	ASM212800v1	2104	Mycoplasma pneumoniae	Complete Genome	2017/05/11 00:00	A1F8;A2F2;A3F1
GCF_019873825.1	ASM1987382v1	2801918	Mycoplasma sp. E35C	Complete Genome	2021/09/03 00:00	A1R2;A2F2;A3F1;A3R1;A3R3
GCF_009939765.1	ASM993976v1	2104	Mycoplasma pneumoniae	Complete Genome	2020/01/29 00:00	A1F8;A2F2;A3F1
GCF_900476175.1	50648_D01	2123	Mycoplasma putrefaciens	Complete Genome	2018/08/19 00:00	A1F1;A2F1;A3F4;A1F1;A2F1;A3F4
GCF_001558175.1	ASM155817v1	2104	Mycoplasma pneumoniae	Complete Genome	2016/02/11 00:00	A1F8;A2F2;A3F1
GCF_000286755.1	ASM28675v1	1159201	Mycoplasma gallisepticum	Complete Genome	2012/08/10 00:00	A1F4;A2F2;A3F1;A1F4;A2F2;A3F1
GCF_000733995.1	ASM73399v1	1441379	Mycoplasma pneumoniae	Complete Genome	2014/07/28 00:00	A1F8;A2F2;A3F1
GCF_009940965.1	ASM994096v1	2104	Mycoplasma pneumoniae	Complete Genome	2020/01/29 00:00	A1F8;A2F2;A3F1
GCF_002090275.1	ASM209027v1	2104	Mycoplasma pneumoniae	Complete Genome	2017/04/13 00:00	A1F8;A2F2;A3F1
GCF_000313635.1	ASM31363v1	1118964	Mycoplasma hyorhinis	Complete Genome	2012/11/20 00:00	A1F2;A3F3
GCF_002128235.1	ASM212823v1	2104	Mycoplasma pneumoniae	Complete Genome	2017/05/11 00:00	A1F8;A2F2;A3F1
GCF_013367975.1	ASM1336797v1	2098	Mycoplasma hominis	Complete Genome	2020/06/23 00:00	A1R1;A2R46;A3R3
GCF_001267815.1	ASM126781v1	40477	Mycoplasma mycoides	Complete Genome	2015/08/17 00:00	A1F1;A2F1;A3F4;A1F1;A2F1;A3F4
GCF_006228185.1	ASM622818v1	353852	Mycoplasma nasistruthionis	Complete Genome	2019/06/11 00:00	A1F2;A1R1;A2F3;A3F3;A3R3
GCF_013367915.1	ASM1336791v1	2098	Mycoplasma hominis	Complete Genome	2020/06/23 00:00	A1F2;A2F3;A3F3;A1F2;A2F3;A3F3
GCF_018406545.1	ASM1840654v1	2102	Mycoplasma mycoides	Complete Genome	2021/04/28 00:00	A1F1;A2F1;A3F4;A1F1;A2F1;A3F4
GCF_016925555.1	ASM1692555v1	547987	Mycoplasma sp. Zaradi2	Complete Genome	2021/02/24 00:00	A1F7;A2F3;A3F3
GCF_009943205.1	ASM994320v1	2104	Mycoplasma pneumoniae	Complete Genome	2020/01/29 00:00	A1F8;A2F2;A3F1
GCF_003332325.1	ASM333232v1	142651	Mycoplasma phocidae	Complete Genome	2018/07/20 00:00	A2F3;A2F3;A2F3
GCF_900489575.1	MMC-glpU	40477	Mycoplasma mycoides	Complete Genome	2019/02/12 00:00	A1R4;A3R3;A3R4
GCF_900489565.1	MMC-glpF	40477	Mycoplasma mycoides	Complete Genome	2019/02/12 00:00	A1R4;A3R3;A3R4
GCF_000496815.1	ASM49681v1	634997	Mycoplasma hyorhinis	Complete Genome	2013/11/14 00:00	A1F2;A2F3;A3F3
GCF_008728915.1	ASM872891v1	2096	Mycoplasma gallisepticum	Complete Genome	2019/09/30 00:00	A1F4;A1R2;A2F2;A2R34;A3F1;A3R1;A3R3
GCF_002214445.1	ASM221444v1	29559	Mycoplasma hyosynoviae	Complete Genome	2017/07/05 00:00	A1F2;A2F3;A3F3
GCF_001017595.1	ASM101759v1	2098	Mycoplasma hominis	Complete Genome	2015/06/02 00:00	A1F2;A2F3;A3F3;A1F2;A2F3;A3F3
GCF_009947985.1	ASM994798v1	2104	Mycoplasma pneumoniae	Complete Genome	2020/01/29 00:00	A1F8;A2F2;A3F1
GCF_000292485.1	ASM29248v1	662945	Mycoplasma genitalium	Complete Genome	2012/08/21 00:00	A1F8;A2F2;A3F1
GCF_000400855.1	ASM40085v1	1116211	Mycoplasma hyopneumoniae	Complete Genome	2013/05/22 00:00	A1R1;A2R60
GCF_000286815.1	ASM28681v1	1159204	Mycoplasma gallisepticum	Complete Genome	2012/08/10 00:00	A1F4;A2F2;A3F1;A1F4;A2F2;A3F1
GCF_000025845.1	ASM2584v1	512564	Mycoplasma crocodyli	Complete Genome	2010/03/26 00:00	A1F2;A2F3
GCF_011464975.1	ASM1146497v1	40480	Mycoplasma capricolum	Complete Genome	2020/03/19 00:00	A1F1;A2F1;A3F4
GCF_002096015.1	ASM209601v1	2104	Mycoplasma pneumoniae	Complete Genome	2017/04/18 00:00	A1F8;A2F2;A3F1
GCF_001554155.1	ASM155415v1	2103	Mycoplasma mycoides	Complete Genome	2016/02/09 00:00	A1F1;A2F1;A3F4
GCF_011463995.1	ASM1146399v1	40480	Mycoplasma capricolum	Complete Genome	2020/03/19 00:00	A1F1;A2F1;A3F4
GCF_002009215.1	ASM200921v1	40480	Mycoplasma capricolum	Complete Genome	2017/03/02 00:00	A1F1;A2F1;A1F1;A2F1;A3F4
GCF_009942655.1	ASM994265v1	2104	Mycoplasma pneumoniae	Complete Genome	2020/01/29 00:00	A1F8;A2F2;A3F1
GCF_000286795.1	ASM28679v1	1159203	Mycoplasma gallisepticum	Complete Genome	2012/08/10 00:00	A1F4;A1R2;A2F2;A3F1;A3R1;A3R3
GCF_002128045.1	ASM212804v1	2104	Mycoplasma pneumoniae	Complete Genome	2017/05/11 00:00	A1F8;A2F2;A3F1
GCF_000183185.1	ASM18318v1	907287	Mycoplasma hyopneumoniae	Complete Genome	2010/11/24 00:00	A1R1;A2R60
GCF_012934855.1	ASM1293485v1	754517	Mycoplasma sp. Phocoena C-264-GEN	Complete Genome	2020/04/30 00:00	A2R56
GCF_009945165.1	ASM994516v1	2104	Mycoplasma pneumoniae	Complete Genome	2020/01/29 00:00	A1F8;A2F2;A3F1
GCF_000025365.1	ASM2536v1	710128	Mycoplasma gallisepticum	Complete Genome	2010/01/29 00:00	A1F4;A2F2;A3F1;A1F4;A2F2;A3F1
GCF_006969105.1	ASM696910v1	40480	Mycoplasma capricolum	Complete Genome	2019/07/15 00:00	A1F1;A1F1
GCF_000224105.1	ASM22410v1	743965	Mycoplasma putrefaciens	Complete Genome	2011/08/19 00:00	A1F1;A2F1;A3F4;A1F1;A2F1;A3F4
